{"log_stds": [-0.41299760341644287, -0.1082007959485054, -0.09448035061359406], "observation_length": 4, "action_length": 3}