{"log_stds": [0.008229688741266727, -0.0030334091279655695, -0.006555367726832628], "observation_length": 4, "action_length": 3}