{"log_stds": [-0.03979301452636719, -0.059911955147981644, -0.08187924325466156, -0.034654323011636734], "observation_length": 24}