{"log_stds": [0.006687290035188198, -0.012997402809560299, 0.01187713723629713], "observation_length": 4, "action_length": 3}