{"log_stds": [0.3385251760482788, 0.2120739072561264, 0.3359758257865906], "observation_length": 4, "action_length": 3}